Champions,HP,HP+,HP5,HP5+,MP,MP+,MP5,MP5+,AD,AD+,AS,AR,AR+,MR,MR+,MS,Range,AS+(%),champ_name,Assassin,Blood Well,Bloodthirst,Bottom,Courage,Energy,Ferocity,Fighter,Flow,Fury,Grit,Health costs,Heat,Jungle,Mage,Magic,Mana,Manaless,Marksman,Melee,Middle,Physical,Rage,Ranged,Shield,Soul Unbound,Support,Tank,Top
Aatrox,650,114.0,3.0,1.0,0,0.0,0.0,0.0,60,5.0,0.651,38.0,4.45,32.0,2.05,345,175,2.5,Aatrox,0,1,0,0,0,0,0,1,0,0,0,0,0,0,0,0,0,1,0,1,1,1,0,0,0,0,0,1,1
Ahri,590,96.0,2.5,0.6,418,25.0,8.0,0.8,53,3.0,0.668,21.0,4.7,30.0,1.3,330,550,2.0,Ahri,1,0,0,0,0,0,0,0,0,0,0,0,0,0,1,1,1,0,0,0,1,0,0,1,0,0,0,0,0
Akali,570,119.0,9.0,0.9,200,0.0,50.0,0.0,62,3.3,0.625,23.0,4.7,37.0,2.05,345,125,3.2,Akali,1,0,0,0,0,1,0,0,0,0,0,0,0,0,0,0,0,0,0,1,1,1,0,0,0,0,0,0,1
Akshan,630,104.0,3.75,0.65,350,40.0,8.2,0.7,52,3.5,0.638,26.0,4.2,30.0,1.3,330,500,4.0,Akshan,1,0,0,0,0,0,0,0,0,0,0,0,0,0,0,0,1,0,1,0,1,1,0,1,0,0,0,0,0
Alistar,685,120.0,8.5,0.85,350,40.0,8.5,0.8,62,3.75,0.625,47.0,4.7,32.0,2.05,330,125,2.125,Alistar,0,0,0,0,0,0,0,0,0,0,0,0,0,0,0,1,1,0,0,1,0,0,0,0,0,0,1,1,0
Amumu,685,94.0,9.0,0.85,285,40.0,7.4,0.55,53,3.8,0.736,30.0,4.0,32.0,2.05,335,125,2.18,Amumu,0,0,0,0,0,0,0,0,0,0,0,0,0,1,1,1,1,0,0,1,0,0,0,0,0,0,0,1,0
Anivia,550,92.0,5.5,0.55,495,45.0,8.0,0.8,51,3.2,0.625,21.0,4.9,30.0,1.3,325,600,1.68,Anivia,0,0,0,0,0,0,0,0,0,0,0,0,0,0,1,1,1,0,0,0,1,0,0,1,0,0,1,0,0
Annie,560,102.0,5.5,0.55,418,25.0,8.0,0.8,50,2.65,0.579,19.0,4.7,30.0,1.3,335,625,1.36,Annie,0,0,0,0,0,0,0,0,0,0,0,0,0,0,1,1,1,0,0,0,1,0,0,1,0,0,0,0,0
Aphelios,580,102.0,3.25,0.55,348,42.0,6.5,0.4,55,3.0,0.64,26.0,4.2,30.0,1.3,325,550,2.1,Aphelios,0,0,0,1,0,0,0,0,0,0,0,0,0,0,0,0,1,0,1,0,0,1,0,1,0,0,0,0,0
Ashe,640,101.0,3.5,0.55,280,35.0,7.0,0.65,59,2.95,0.658,26.0,4.6,30.0,1.3,325,600,3.33,Ashe,0,0,0,1,0,0,0,0,0,0,0,0,0,0,0,0,1,0,1,0,0,1,0,1,0,0,1,0,0
Aurelion Sol,620,90.0,5.5,0.55,530,40.0,8.0,0.75,55,3.2,0.625,22.0,4.0,30.0,1.3,335,550,1.5,Aurelion Sol,0,0,0,0,0,0,0,0,0,0,0,0,0,0,1,1,1,0,0,0,1,0,0,1,0,0,0,0,0
Azir,550,119.0,7.0,0.75,320,40.0,8.0,0.8,52,3.5,0.625,22.0,5.0,30.0,1.3,335,525,6.0,Azir,0,0,0,0,0,0,0,0,0,0,0,0,0,0,1,1,1,0,1,0,1,0,0,1,0,0,0,0,0
Bard,630,103.0,5.5,0.55,350,50.0,6.0,0.45,52,3.0,0.625,34.0,5.2,30.0,1.3,330,500,2.0,Bard,0,0,0,0,0,0,0,0,0,0,0,0,0,0,1,1,1,0,0,0,0,0,0,1,0,0,1,0,0
Bel'Veth,610,99.0,6.0,0.6,0,0.0,0.0,0.0,60,1.5,0.85,32.0,4.7,32.0,2.05,340,175,0.0,Bel'Veth,0,0,0,0,0,0,0,1,0,0,0,0,0,1,0,0,0,1,0,1,0,1,0,0,0,0,0,0,0
Blitzcrank,633,109.0,7.5,0.75,267,40.0,8.5,0.8,62,3.5,0.65,40.0,4.7,28.0,2.05,325,125,1.13,Blitzcrank,0,0,0,0,0,0,0,1,0,0,0,0,0,0,0,1,1,0,0,1,0,0,0,0,0,0,1,1,0
Brand,590,102.0,5.5,0.55,469,21.0,10.65,0.6,57,3.0,0.625,22.0,4.7,30.0,1.3,340,550,1.36,Brand,0,0,0,0,0,0,0,0,0,0,0,0,0,0,1,1,1,0,0,0,0,0,0,1,0,0,1,0,0
Braum,610,112.0,8.5,1.0,311,45.0,6.0,0.8,55,3.2,0.644,47.0,5.2,32.0,2.05,335,125,3.5,Braum,0,0,0,0,0,0,0,0,0,0,0,0,0,0,0,1,1,0,0,1,0,0,0,0,0,0,1,1,0
Caitlyn,580,107.0,3.5,0.55,315,40.0,7.4,0.7,60,3.8,0.681,27.0,4.7,30.0,1.3,325,650,4.0,Caitlyn,0,0,0,1,0,0,0,0,0,0,0,0,0,0,0,0,1,0,1,0,0,1,0,1,0,0,0,0,0
Camille,646,99.0,8.5,0.8,339,52.0,8.15,0.75,68,3.8,0.644,35.0,5.0,32.0,2.05,340,125,2.5,Camille,0,0,0,0,0,0,0,1,0,0,0,0,0,0,0,0,1,0,0,1,1,1,0,0,0,0,0,1,1
Cassiopeia,630,104.0,5.5,0.5,350,60.0,8.0,0.8,53,3.0,0.647,18.0,4.7,32.0,1.3,328,550,1.5,Cassiopeia,0,0,0,1,0,0,0,0,0,0,0,0,0,0,1,1,1,0,0,0,1,0,0,1,0,0,0,0,1
Cho'Gath,644,94.0,9.0,0.85,270,60.0,7.2,0.45,69,4.2,0.625,38.0,5.0,32.0,2.05,345,125,1.44,Cho'Gath,0,0,0,0,0,0,0,0,0,0,0,0,0,0,1,1,1,0,0,1,1,0,0,0,0,0,0,1,1
Corki,588,105.0,5.5,0.55,350,54.0,7.4,0.55,55,2.8,0.638,28.0,4.7,30.0,1.3,325,550,2.3,Corki,0,0,0,0,0,0,0,0,0,0,0,0,0,0,0,0,1,0,1,0,1,1,0,1,0,0,0,0,0
Darius,652,114.0,10.0,0.95,263,58.0,6.6,0.35,64,5.0,0.625,39.0,5.2,32.0,2.05,340,175,1.0,Darius,0,0,0,0,0,0,0,1,0,0,0,0,0,0,0,0,1,0,0,1,0,1,0,0,0,0,0,1,1
Diana,640,109.0,6.5,0.85,375,25.0,8.0,0.8,57,3.0,0.625,31.0,4.3,32.0,2.05,345,150,2.25,Diana,0,0,0,0,0,0,0,1,0,0,0,0,0,1,1,1,1,0,0,1,1,0,0,0,0,0,0,0,0
Dr. Mundo,613,103.0,7.0,0.5,0,0.0,0.0,0.0,61,2.5,0.67,32.0,3.7,29.0,2.3,345,125,3.3,Dr. Mundo,0,0,0,0,0,0,0,1,0,0,0,1,0,1,0,0,0,0,0,1,0,1,0,0,0,0,0,1,1
Draven,675,104.0,3.75,0.7,361,39.0,8.05,0.65,62,3.6,0.679,29.0,4.5,30.0,1.3,330,550,2.7,Draven,0,0,0,1,0,0,0,0,0,0,0,0,0,0,0,0,1,0,1,0,0,1,0,1,0,0,0,0,0
Ekko,655,99.0,9.0,0.9,280,70.0,7.0,0.8,58,3.0,0.688,32.0,4.2,32.0,2.05,340,125,3.3,Ekko,1,0,0,0,0,0,0,1,0,0,0,0,0,1,0,1,1,0,0,1,1,0,0,0,0,0,0,0,0
Elise,650,109.0,5.5,0.6,324,50.0,6.0,0.8,55,3.0,0.625,30.0,5.2,30.0,1.3,330,550,1.75,Elise,0,0,0,0,0,0,0,1,0,0,0,0,0,1,1,1,1,0,0,0,0,0,0,1,0,0,0,0,0
Evelynn,642,98.0,8.5,0.75,315,42.0,8.11,0.6,61,3.0,0.667,37.0,4.7,32.0,2.05,335,125,2.1,Evelynn,1,0,0,0,0,0,0,0,0,0,0,0,0,1,1,1,1,0,0,1,0,0,0,0,0,0,0,0,0
Ezreal,600,102.0,4.0,0.65,375,70.0,8.5,1.0,62,2.5,0.625,24.0,4.7,30.0,1.3,325,550,2.5,Ezreal,0,0,0,1,0,0,0,0,0,0,0,0,0,0,1,0,1,0,1,0,0,1,0,1,0,0,0,0,0
Fiddlesticks,650,106.0,5.5,0.6,500,28.0,8.0,0.8,55,2.65,0.625,34.0,4.7,30.0,1.3,335,480,2.11,Fiddlesticks,0,0,0,0,0,0,0,0,0,0,0,0,0,1,1,1,1,0,0,0,0,0,0,1,0,0,1,0,0
Fiora,620,99.0,8.5,0.55,300,60.0,8.0,0.7,68,3.3,0.69,33.0,4.7,32.0,2.05,345,150,3.2,Fiora,1,0,0,0,0,0,0,1,0,0,0,0,0,0,0,0,1,0,0,1,0,1,0,0,0,0,0,0,1
Fizz,640,106.0,8.0,0.7,317,52.0,6.0,0.8,58,3.0,0.658,22.0,4.6,32.0,2.05,335,175,3.1,Fizz,1,0,0,0,0,0,0,1,0,0,0,0,0,0,0,1,1,0,0,1,1,0,0,0,0,0,0,0,0
Galio,632,126.0,8.0,0.8,500,40.0,9.5,0.7,59,3.5,0.625,24.0,4.7,32.0,2.05,335,150,1.5,Galio,0,0,0,0,0,0,0,0,0,0,0,0,0,0,1,1,1,0,0,1,1,0,0,0,0,0,1,1,0
Gangplank,600,114.0,6.0,0.6,280,60.0,7.5,0.7,64,3.7,0.658,31.0,4.2,32.0,2.05,345,125,3.2,Gangplank,0,0,0,0,0,0,0,1,0,0,0,0,0,0,0,0,1,0,0,1,0,1,0,0,0,0,0,0,1
Garen,690,98.0,8.0,0.5,0,0.0,0.0,0.0,69,4.5,0.625,38.0,4.2,32.0,1.55,340,175,3.65,Garen,0,0,0,0,0,0,0,1,0,0,0,0,0,0,0,0,0,1,0,1,1,1,0,0,0,0,0,1,1
Gnar,540,79.0,4.5,1.25,100,0.0,0.0,0.0,57,3.0,0.625,32.0,3.7,30.0,1.3,335,400,6.0,Gnar,0,0,0,0,0,0,0,1,0,0,0,0,0,0,0,0,0,0,0,0,0,1,1,1,0,0,0,1,1
Gragas,670,109.0,5.5,0.5,400,47.0,6.0,0.8,64,3.5,0.675,38.0,4.8,32.0,2.05,330,125,2.05,Gragas,0,0,0,0,0,0,0,1,0,0,0,0,0,1,1,1,1,0,0,1,0,0,0,0,0,0,0,0,0
Graves,625,106.0,8.0,0.7,325,40.0,8.0,0.7,68,4.0,0.475,33.0,4.6,32.0,2.05,340,425,2.6,Graves,0,0,0,0,0,0,0,0,0,0,0,0,0,1,0,0,1,0,1,0,0,1,0,1,0,0,0,0,0
Gwen,620,109.0,9.0,0.9,330,40.0,7.5,0.7,63,3.0,0.69,39.0,5.2,32.0,2.05,340,150,2.25,Gwen,1,0,0,0,0,0,0,1,0,0,0,0,0,0,0,1,1,0,0,1,1,0,0,0,0,0,0,0,1
Hecarim,625,99.0,7.0,0.75,277,60.0,6.5,0.6,66,3.2,0.67,32.0,5.45,32.0,2.05,345,175,2.5,Hecarim,0,0,0,0,0,0,0,1,0,0,0,0,0,1,0,0,1,0,0,1,0,1,0,0,0,0,0,1,1
Heimerdinger,558,101.0,7.0,0.55,385,20.0,8.0,0.8,56,2.7,0.625,19.0,4.2,30.0,1.3,340,550,1.36,Heimerdinger,0,0,0,0,0,0,0,0,0,0,0,0,0,0,1,1,1,0,0,0,1,0,0,1,0,0,1,0,1
Illaoi,656,109.0,9.5,0.8,300,50.0,7.5,0.75,68,5.0,0.625,35.0,5.0,32.0,2.05,350,125,2.5,Illaoi,0,0,0,0,0,0,0,1,0,0,0,0,0,0,0,0,1,0,0,1,0,1,0,0,0,0,0,1,1
Irelia,590,124.0,8.5,0.85,350,50.0,8.0,0.8,65,4.0,0.656,36.0,4.7,30.0,2.05,335,200,2.5,Irelia,1,0,0,0,0,0,0,1,0,0,0,0,0,0,0,0,1,0,0,1,1,1,0,0,0,0,0,0,1
Ivern,655,99.0,7.0,0.85,450,60.0,6.0,0.75,50,3.0,0.644,27.0,4.7,30.0,1.3,330,475,3.4,Ivern,0,0,0,0,0,0,0,0,0,0,0,0,0,1,1,1,1,0,0,0,1,0,0,1,0,0,1,0,0
Janna,570,84.0,5.5,0.55,350,64.0,11.5,0.4,52,3.0,0.625,28.0,5.0,30.0,1.3,325,500,3.0,Janna,0,0,0,0,0,0,0,0,0,0,0,0,0,0,1,1,1,0,0,0,0,0,0,1,0,0,1,0,0
Jarvan IV,640,104.0,8.0,0.7,300,55.0,6.5,0.45,64,3.0,0.658,36.0,4.8,32.0,2.05,340,175,2.5,Jarvan IV,0,0,0,0,0,0,0,1,0,0,0,0,0,1,0,0,1,0,0,1,0,1,0,0,0,0,0,1,0
Jax,665,100.0,8.5,0.55,339,52.0,7.6,0.7,68,4.25,0.638,36.0,4.2,32.0,2.05,350,125,3.4,Jax,1,0,0,0,0,0,0,1,0,0,0,0,0,1,0,0,1,0,0,1,0,1,0,0,0,0,0,0,1
Jayce,590,109.0,6.0,0.6,375,45.0,6.0,0.8,57,4.25,0.658,22.0,5.0,30.0,1.3,335,125,3.0,Jayce,0,0,0,0,0,0,0,1,0,0,0,0,0,0,0,0,1,0,1,1,1,1,0,0,0,0,0,0,1
Jhin,655,107.0,3.75,0.55,300,50.0,6.0,0.8,59,4.7,0.625,24.0,4.7,30.0,1.3,330,550,3.0,Jhin,0,0,0,1,0,0,0,0,0,0,0,0,0,0,1,0,1,0,1,0,0,1,0,1,0,0,0,0,0
Jinx,630,100.0,3.75,0.5,260,50.0,6.7,1.0,59,3.15,0.625,26.0,4.7,30.0,1.3,325,525,1.0,Jinx,0,0,0,1,0,0,0,0,0,0,0,0,0,0,0,0,1,0,1,0,0,1,0,1,0,0,0,0,0
K'Sante,610,108.0,9.5,0.85,290,60.0,7.0,1.0,64,3.5,0.625,33.0,4.7,30.0,2.1,330,175,2.5,K'Sante,0,0,0,0,0,0,0,1,0,0,0,0,0,0,0,0,1,0,0,1,0,1,0,0,0,0,0,1,1
Kai'Sa,640,102.0,3.5,0.55,345,40.0,8.2,0.7,59,2.6,0.644,28.0,4.2,30.0,1.3,335,525,1.8,Kai'Sa,0,0,0,1,0,0,0,0,0,0,0,0,0,0,0,1,1,0,1,0,0,0,0,1,0,0,0,0,0
Kalista,600,114.0,4.0,0.75,300,45.0,6.3,0.4,61,3.25,0.694,24.0,5.2,30.0,1.3,330,525,4.5,Kalista,0,0,0,1,0,0,0,0,0,0,0,0,0,0,0,0,1,0,1,0,0,1,0,1,0,0,0,0,0
Karma,604,109.0,5.5,0.55,374,50.0,13.0,0.5,51,3.3,0.625,28.0,5.0,30.0,1.3,335,525,2.3,Karma,0,0,0,0,0,0,0,0,0,0,0,0,0,0,1,1,1,0,0,0,0,0,0,1,0,0,1,0,1
Karthus,620,110.0,6.5,0.55,467,31.0,8.0,0.8,46,3.25,0.625,21.0,4.7,30.0,1.3,335,450,2.11,Karthus,0,0,0,0,0,0,0,0,0,0,0,0,0,1,1,1,1,0,0,0,0,0,0,1,0,0,0,0,0
Kassadin,646,119.0,6.0,0.5,400,87.0,6.0,0.8,59,3.9,0.64,19.0,4.0,30.0,1.3,335,150,3.7,Kassadin,1,0,0,0,0,0,0,0,0,0,0,0,0,0,1,1,1,0,0,1,1,0,0,0,0,0,0,0,0
Katarina,672,108.0,7.5,0.7,0,0.0,0.0,0.0,58,3.2,0.658,28.0,4.7,32.0,2.05,335,125,2.74,Katarina,1,0,0,0,0,0,0,0,0,0,0,0,0,0,1,1,0,1,0,1,1,0,0,0,0,0,0,0,0
Kayle,670,92.0,5.0,0.5,330,50.0,8.0,0.8,50,2.5,0.625,26.0,4.2,22.0,1.3,335,175,1.5,Kayle,0,0,0,0,0,0,0,1,0,0,0,0,0,0,0,0,1,0,0,1,0,1,0,0,0,0,1,0,1
Kayn,655,109.0,8.0,0.75,410,50.0,11.5,0.95,68,3.3,0.669,38.0,4.5,32.0,2.05,340,175,2.7,Kayn,1,0,0,0,0,0,0,1,0,0,0,0,0,1,0,0,1,0,0,1,0,1,0,0,0,0,0,0,0
Kennen,611,98.0,5.5,0.65,200,0.0,50.0,0.0,48,3.75,0.625,29.0,4.95,30.0,1.3,335,550,3.4,Kennen,0,0,0,0,0,1,0,0,0,0,0,0,0,0,1,1,0,0,1,0,0,0,0,1,0,0,0,0,1
Kha'Zix,643,99.0,7.5,0.75,327,40.0,7.59,0.5,60,3.1,0.668,36.0,4.2,32.0,2.05,350,125,2.7,Kha'Zix,1,0,0,0,0,0,0,0,0,0,0,0,0,1,0,0,1,0,0,1,0,1,0,0,0,0,0,0,0
Kindred,610,104.0,7.0,0.55,300,35.0,7.0,0.4,65,3.25,0.625,29.0,4.7,30.0,1.3,325,500,3.5,Kindred,0,0,0,0,0,0,0,0,0,0,0,0,0,1,0,0,1,0,1,0,0,1,0,1,0,0,0,0,0
Kled,410,84.0,6.0,0.75,100,0.0,0.0,0.0,65,3.5,0.625,35.0,5.2,28.0,2.05,285,250,3.5,Kled,0,0,0,0,1,0,0,1,0,0,0,0,0,1,0,0,0,0,0,1,0,1,0,0,0,0,0,1,1
Kled & Skaarl,810,151.64705882353,6.0,0.75,100,0.0,0.0,0.0,65,3.5,0.625,35.0,5.2,28.0,2.05,345,125,3.5,Kled & Skaarl,0,0,0,0,1,0,0,1,0,0,0,0,0,1,0,0,0,0,0,1,0,1,0,0,0,0,0,1,1
Kog'Maw,635,99.0,3.75,0.55,325,40.0,8.75,0.7,61,3.1,0.665,24.0,4.45,30.0,1.3,330,500,2.65,Kog'Maw,0,0,0,1,0,0,0,0,0,0,0,0,0,0,1,0,1,0,1,0,0,1,0,1,0,0,0,0,0
LeBlanc,598,111.0,7.5,0.55,400,55.0,8.0,1.0,55,3.5,0.625,22.0,4.7,30.0,1.3,340,525,1.4,LeBlanc,1,0,0,0,0,0,0,0,0,0,0,0,0,0,1,1,1,0,0,0,1,0,0,1,0,0,0,0,0
Lee Sin,645,105.0,7.5,0.7,200,0.0,50.0,0.0,66,3.7,0.651,34.0,4.9,32.0,2.05,345,125,3.0,Lee Sin,1,0,0,0,0,1,0,1,0,0,0,0,0,1,0,0,0,0,0,1,0,1,0,0,0,0,0,0,0
Leona,646,101.0,8.5,0.85,302,40.0,6.0,0.8,60,3.0,0.625,47.0,4.8,32.0,2.05,335,125,2.9,Leona,0,0,0,0,0,0,0,0,0,0,0,0,0,0,0,0,1,0,0,1,0,1,0,0,0,0,1,1,0
Lillia,605,105.0,2.5,0.55,410,50.0,11.5,0.95,61,3.1,0.625,22.0,5.2,32.0,1.55,330,325,2.7,Lillia,0,0,0,0,0,0,0,1,0,0,0,0,0,1,1,1,1,0,0,1,1,0,0,0,0,0,0,0,1
Lissandra,620,110.0,7.0,0.55,475,30.0,8.0,0.4,55,2.7,0.656,22.0,4.9,30.0,1.3,325,550,1.36,Lissandra,0,0,0,0,0,0,0,0,0,0,0,0,0,0,1,1,1,0,0,0,1,0,0,1,0,0,0,0,0
Lucian,641,100.0,3.75,0.65,320,43.0,7.0,0.8,60,2.9,0.638,28.0,4.2,30.0,1.3,335,500,3.3,Lucian,0,0,0,1,0,0,0,0,0,0,0,0,0,0,0,0,1,0,1,0,1,1,0,1,0,0,0,0,1
Lulu,595,88.0,6.0,0.6,350,55.0,11.0,0.6,47,2.6,0.625,26.0,4.9,30.0,1.3,330,550,2.25,Lulu,0,0,0,0,0,0,0,0,0,0,0,0,0,0,1,1,1,0,0,0,0,0,0,1,0,0,1,0,0
Lux,560,99.0,5.5,0.55,480,23.5,8.0,0.8,54,3.3,0.669,19.0,5.2,30.0,1.3,330,550,2.0,Lux,0,0,0,0,0,0,0,0,0,0,0,0,0,0,1,1,1,0,0,0,1,0,0,1,0,0,1,0,0
Malphite,644,104.0,7.0,0.55,280,60.0,7.3,0.55,62,4.0,0.736,37.0,4.95,28.0,2.05,335,125,3.4,Malphite,0,0,0,0,0,0,0,1,0,0,0,0,0,0,0,1,1,0,0,1,1,0,0,0,0,0,1,1,1
Malzahar,580,101.0,6.0,0.6,375,28.0,8.0,0.8,55,3.0,0.625,18.0,4.7,30.0,1.3,335,500,1.5,Malzahar,1,0,0,0,0,0,0,0,0,0,0,0,0,0,1,1,1,0,0,0,1,0,0,1,0,0,0,0,0
Maokai,635,109.0,5.0,0.75,375,43.0,7.2,0.6,64,3.3,0.8,39.0,5.2,32.0,2.05,335,125,2.125,Maokai,0,0,0,0,0,0,0,0,0,0,0,0,0,0,1,1,1,0,0,1,0,0,0,0,0,0,1,1,1
Master Yi,669,100.0,7.5,0.65,251,42.0,7.25,0.45,65,2.2,0.679,33.0,4.2,32.0,2.05,355,175,2.0,Master Yi,1,0,0,0,0,0,0,1,0,0,0,0,0,1,0,0,1,0,0,1,0,1,0,0,0,0,0,0,0
Mega Gnar,640,122.0,4.5,1.25,100,0.0,0.0,0.0,65,5.5,0.625,35.5,6.7,33.5,4.8,335,175,0.5,Mega Gnar,0,0,0,0,0,0,0,1,0,0,0,0,0,0,0,0,0,0,0,0,0,1,1,1,0,0,0,1,1
Milio,560,88.0,5.0,0.5,365,43.0,11.5,0.4,48,3.2,0.625,26.0,4.6,30.0,1.3,330,525,3.0,Milio,0,0,0,0,0,0,0,0,0,0,0,0,0,0,1,1,1,0,0,0,0,0,0,1,0,0,1,0,0
Miss Fortune,640,103.0,3.75,0.65,300,40.0,8.0,0.8,52,2.4,0.656,28.0,4.2,30.0,1.3,325,550,3.0,Miss Fortune,0,0,0,1,0,0,0,0,0,0,0,0,0,0,0,0,1,0,1,0,0,1,0,1,0,0,0,0,0
Mordekaiser,645,104.0,5.0,0.75,0,0.0,0.0,0.0,61,4.0,0.625,37.0,4.2,32.0,2.05,335,175,1.0,Mordekaiser,0,0,0,0,0,0,0,1,0,0,0,0,0,0,0,1,0,0,0,1,0,0,0,0,1,0,0,0,1
Morgana,630,104.0,5.5,0.4,340,60.0,11.0,0.4,56,3.5,0.625,25.0,5.0,30.0,1.3,335,450,1.53,Morgana,0,0,0,0,0,0,0,0,0,0,0,0,0,0,1,1,1,0,0,0,0,0,0,1,0,0,1,0,0
Naafiri,650,120.0,9.0,0.9,400,55.0,7.5,1.0,57,2.1,0.688,32.0,4.7,32.0,2.05,335,125,2.1,Naafiri,1,0,0,0,0,0,0,1,0,0,0,0,0,0,0,0,1,0,0,1,1,1,0,0,0,0,0,0,0
Nami,560,88.0,5.5,0.55,365,43.0,11.5,0.4,51,3.1,0.644,29.0,5.2,30.0,1.3,335,550,2.61,Nami,0,0,0,0,0,0,0,0,0,0,0,0,0,0,1,1,1,0,0,0,0,0,0,1,0,0,1,0,0
Nasus,631,104.0,9.0,0.9,326,62.0,7.45,0.5,67,3.5,0.638,34.0,4.7,32.0,2.05,350,125,3.48,Nasus,0,0,0,0,0,0,0,1,0,0,0,0,0,0,0,0,1,0,0,1,0,1,0,0,0,0,0,1,1
Nautilus,646,100.0,8.5,0.55,400,47.0,8.65,0.5,61,3.3,0.706,39.0,4.95,32.0,2.05,325,175,1.0,Nautilus,0,0,0,0,0,0,0,0,0,0,0,0,0,0,0,1,1,0,0,1,0,0,0,0,0,0,1,1,0
Neeko,610,104.0,7.5,0.75,450,30.0,7.0,0.7,48,2.5,0.625,21.0,5.2,30.0,1.3,340,550,3.5,Neeko,0,0,0,0,0,0,0,0,0,0,0,0,0,0,1,1,1,0,0,0,1,0,0,1,0,0,1,0,0
Nidalee,610,109.0,6.0,0.6,295,45.0,6.0,0.8,58,3.5,0.638,32.0,5.0,30.0,1.3,340,525,3.22,Nidalee,1,0,0,0,0,0,0,0,0,0,0,0,0,1,1,1,1,0,0,0,0,0,0,1,0,0,0,0,0
Nilah,570,101.0,4.0,0.9,350,35.0,8.2,0.7,58,2.0,0.697,27.0,4.2,32.0,2.05,340,225,3.0,Nilah,1,0,0,1,0,0,0,1,0,0,0,0,0,0,0,0,1,0,0,1,0,1,0,0,0,0,0,0,0
Nocturne,655,109.0,7.0,0.75,275,35.0,7.0,0.45,62,2.6,0.721,38.0,4.7,32.0,1.55,345,125,2.7,Nocturne,1,0,0,0,0,0,0,1,0,0,0,0,0,1,0,0,1,0,0,1,1,1,0,0,0,0,0,0,1
Nunu & Willump,610,90.0,5.0,0.8,280,42.0,7.0,0.5,61,3.0,0.625,29.0,4.2,32.0,2.05,345,125,2.25,Nunu & Willump,0,0,0,0,0,0,0,1,0,0,0,0,0,1,0,1,1,0,0,1,1,0,0,0,0,0,0,1,0
Olaf,645,119.0,6.5,0.6,316,50.0,7.5,0.6,68,4.7,0.694,35.0,4.2,32.0,2.05,350,125,2.7,Olaf,0,0,0,0,0,0,0,1,0,0,0,0,0,1,0,0,1,0,0,1,0,1,0,0,0,0,0,1,1
Orianna,600,105.0,7.0,0.55,418,25.0,8.0,0.8,40,2.6,0.658,20.0,4.2,26.0,1.3,325,525,3.5,Orianna,0,0,0,0,0,0,0,0,0,0,0,0,0,0,1,1,1,0,0,0,1,0,0,1,0,0,1,0,0
Ornn,660,109.0,9.0,0.9,341,65.0,8.0,0.6,69,3.5,0.625,33.0,5.2,32.0,2.05,335,175,2.0,Ornn,0,0,0,0,0,0,0,1,0,0,0,0,0,0,0,0,1,0,0,1,0,1,0,0,0,0,0,1,1
Pantheon,650,109.0,6.0,0.65,317,31.0,7.35,0.45,64,3.3,0.658,40.0,4.95,28.0,2.05,345,175,2.95,Pantheon,1,0,0,0,0,0,0,1,0,0,0,0,0,0,0,0,1,0,0,1,1,1,0,0,0,0,1,0,1
Poppy,610,104.0,8.0,0.8,280,40.0,7.0,0.7,64,4.0,0.625,38.0,4.7,32.0,2.05,345,125,2.5,Poppy,0,0,0,0,0,0,0,1,0,0,0,0,0,1,0,0,1,0,0,1,0,1,0,0,0,0,1,1,1
Pyke,670,104.0,7.0,0.5,415,50.0,8.0,1.0,62,2.0,0.667,45.0,4.7,32.0,2.05,330,150,2.5,Pyke,1,0,0,0,0,0,0,0,0,0,0,0,0,0,0,0,1,0,0,1,1,1,0,0,0,0,1,0,0
Qiyana,590,124.0,6.0,0.9,320,50.0,8.0,0.7,66,3.1,0.688,28.0,4.7,32.0,2.05,335,150,2.1,Qiyana,1,0,0,0,0,0,0,1,0,0,0,0,0,0,0,0,1,0,0,1,1,1,0,0,0,0,0,0,0
Quinn,603,99.0,5.5,0.55,269,35.0,7.0,0.4,59,2.4,0.668,28.0,4.7,30.0,1.3,335,525,3.1,Quinn,1,0,0,0,0,0,0,0,0,0,0,0,0,0,0,0,1,0,1,0,0,1,0,1,0,0,0,0,1
Rakan,610,99.0,5.0,0.5,315,50.0,8.75,0.5,62,3.5,0.635,30.0,4.9,32.0,2.05,335,300,3.0,Rakan,0,0,0,0,0,0,0,0,0,0,0,0,0,0,0,1,1,0,0,1,0,0,0,0,0,0,1,0,0
Rammus,675,94.0,8.0,0.55,310,33.0,7.85,0.5,55,2.75,0.656,40.0,5.5,32.0,2.05,335,125,2.215,Rammus,0,0,0,0,0,0,0,1,0,0,0,0,0,1,0,0,1,0,0,1,0,1,0,0,0,0,0,1,0
Rek'Sai,600,99.0,7.5,0.65,100,0.0,0.0,0.0,58,3.0,0.667,36.0,4.95,32.0,2.05,335,175,2.0,Rek'Sai,0,0,0,0,0,0,0,1,0,0,0,0,0,1,0,0,0,0,0,1,0,1,1,0,0,0,0,0,0
Rell,610,104.0,7.5,0.85,350,45.0,6.0,0.35,55,3.0,0.625,36.0,4.2,30.0,1.85,330,175,1.5,Rell,0,0,0,0,0,0,0,0,0,0,0,0,0,0,0,1,1,0,0,1,0,0,0,0,0,0,1,1,0
Renata Glasc,545,94.0,5.5,0.55,350,50.0,11.5,0.5,49,3.0,0.625,27.0,4.7,30.0,1.3,330,550,2.11,Renata Glasc,0,0,0,0,0,0,0,0,0,0,0,0,0,0,1,1,1,0,0,0,0,0,0,1,0,0,1,0,0
Renekton,660,111.0,8.0,0.75,100,0.0,0.0,0.0,69,4.15,0.665,35.0,5.2,32.0,2.05,345,125,2.75,Renekton,0,0,0,0,0,0,0,1,0,1,0,0,0,0,0,0,0,0,0,1,1,1,0,0,0,0,0,1,1
Rengar,620,104.0,6.0,0.5,4,0.0,0.0,0.0,68,3.0,0.667,34.0,4.2,32.0,2.05,345,125,3.0,Rengar,1,0,0,0,0,0,1,1,0,0,0,0,0,1,0,0,0,0,0,1,0,1,0,0,0,0,0,0,1
Riven,630,100.0,8.5,0.5,0,0.0,0.0,0.0,64,3.0,0.625,33.0,4.4,32.0,2.05,340,125,3.5,Riven,1,0,0,0,0,0,0,1,0,0,0,0,0,0,0,0,0,1,0,1,0,1,0,0,0,0,0,0,1
Rumble,625,105.0,7.0,0.6,100,0.0,0.0,0.0,61,3.2,0.644,36.0,4.7,28.0,1.55,345,125,1.85,Rumble,0,0,0,0,0,0,0,1,0,0,0,0,1,0,1,1,0,0,0,1,1,0,0,0,0,0,0,0,1
Ryze,645,124.0,8.0,0.8,300,70.0,8.0,1.0,58,3.0,0.625,22.0,4.2,32.0,1.3,340,550,2.11,Ryze,0,0,0,0,0,0,0,1,0,0,0,0,0,0,1,1,1,0,0,0,1,0,0,1,0,0,0,0,1
Samira,600,108.0,3.25,0.55,349,38.0,8.2,0.7,57,3.3,0.658,26.0,4.7,30.0,1.3,335,500,3.3,Samira,0,0,0,1,0,0,0,0,0,0,0,0,0,0,0,0,1,0,1,0,0,1,0,1,0,0,0,0,0
Sejuani,630,114.0,8.5,1.0,400,40.0,7.0,0.7,66,4.0,0.688,34.0,5.45,32.0,2.05,340,150,3.5,Sejuani,0,0,0,0,0,0,0,1,0,0,0,0,0,1,0,1,1,0,0,1,0,0,0,0,0,0,0,1,0
Senna,530,89.0,3.5,0.55,350,45.0,11.5,0.7,50,0.0,0.625,28.0,4.7,30.0,1.3,330,600,4.0,Senna,0,0,0,1,0,0,0,0,0,0,0,0,0,0,0,0,1,0,1,0,0,1,0,1,0,0,1,0,0
Seraphine,570,104.0,6.5,0.6,440,40.0,8.0,1.0,55,3.0,0.669,19.0,4.2,30.0,1.3,325,525,1.0,Seraphine,0,0,0,1,0,0,0,0,0,0,0,0,0,0,1,1,1,0,0,0,0,0,0,1,0,0,1,0,0
Sett,670,114.0,7.0,0.5,0,0.0,0.0,0.0,60,4.0,0.625,33.0,5.2,28.0,2.05,340,125,1.75,Sett,0,0,0,0,0,0,0,1,0,0,1,0,0,1,0,0,0,0,0,1,0,1,0,0,0,0,1,1,1
Shaco,630,99.0,8.5,0.55,297,40.0,7.15,0.45,63,3.0,0.694,30.0,4.0,32.0,2.05,345,125,3.0,Shaco,1,0,0,0,0,0,0,0,0,0,0,0,0,1,0,0,1,0,0,1,0,1,0,0,0,0,1,0,0
Shen,610,99.0,8.5,0.75,400,0.0,50.0,0.0,60,3.0,0.751,34.0,4.2,32.0,2.05,340,125,3.0,Shen,0,0,0,0,0,1,0,0,0,0,0,0,0,0,0,0,0,0,0,1,0,1,0,0,0,0,1,1,1
Shyvana,665,104.0,8.5,0.8,100,0.0,0.0,0.0,66,3.0,0.658,38.0,4.55,32.0,2.05,350,125,2.5,Shyvana,0,0,0,0,0,0,0,1,0,1,0,0,0,1,0,0,0,0,0,1,0,1,0,0,0,0,0,1,0
Singed,650,99.0,9.5,0.55,330,45.0,7.5,0.55,63,3.4,0.613,34.0,4.7,32.0,2.05,345,125,1.9,Singed,0,0,0,0,0,0,0,1,0,0,0,0,0,0,0,1,1,0,0,1,0,0,0,0,0,0,0,1,1
Sion,655,87.0,7.5,0.8,400,52.0,8.0,0.6,68,4.0,0.679,32.0,4.2,32.0,2.05,345,175,1.3,Sion,0,0,0,0,0,0,0,1,0,0,0,0,0,0,0,0,1,0,0,1,0,1,0,0,0,0,0,1,1
Sivir,600,104.0,3.25,0.55,340,45.0,6.0,0.8,58,2.5,0.625,26.0,4.45,30.0,1.3,335,500,2.0,Sivir,0,0,0,1,0,0,0,0,0,0,0,0,0,0,0,0,1,0,1,0,0,1,0,1,0,0,0,0,0
Skarner,650,99.0,9.0,0.85,320,60.0,7.2,0.45,65,4.5,0.625,38.0,5.0,32.0,2.05,335,125,2.1,Skarner,0,0,0,0,0,0,0,1,0,0,0,0,0,1,0,0,1,0,0,1,0,1,0,0,0,0,0,1,0
Sona,550,91.0,5.5,0.55,340,45.0,11.5,0.4,49,3.0,0.644,26.0,4.2,30.0,1.3,325,550,2.3,Sona,0,0,0,0,0,0,0,0,0,0,0,0,0,0,1,1,1,0,0,0,0,0,0,1,0,0,1,0,0
Soraka,605,88.0,2.5,0.5,425,40.0,11.5,0.4,50,3.0,0.625,32.0,5.0,30.0,1.3,325,550,2.14,Soraka,0,0,0,0,0,0,0,0,0,0,0,0,0,0,1,1,1,0,0,0,0,0,0,1,0,0,1,0,0
Swain,595,99.0,7.0,0.65,468,29.0,8.0,0.8,58,2.7,0.625,26.0,5.2,30.0,1.3,330,525,2.11,Swain,0,0,0,1,0,0,0,1,0,0,0,0,0,0,1,1,1,0,0,0,1,0,0,1,0,0,1,0,1
Sylas,575,129.0,9.0,0.9,310,70.0,8.0,0.8,61,3.0,0.645,27.0,5.2,32.0,2.55,340,175,3.5,Sylas,1,0,0,0,0,0,0,0,0,0,0,0,0,0,1,1,1,0,0,1,1,0,0,0,0,0,0,0,1
Syndra,563,104.0,6.5,0.6,480,40.0,8.0,0.8,54,2.9,0.625,25.0,4.6,30.0,1.3,330,550,2.0,Syndra,0,0,0,0,0,0,0,0,0,0,0,0,0,0,1,1,1,0,0,0,1,0,0,1,0,0,0,0,0
Tahm Kench,640,103.0,6.5,0.55,325,50.0,8.0,1.0,56,3.2,0.658,42.0,4.7,32.0,2.05,335,175,2.5,Tahm Kench,0,0,0,1,0,0,0,0,0,0,0,0,0,0,0,1,1,0,0,1,0,0,0,0,0,0,1,1,1
Taliyah,550,104.0,6.5,0.65,470,30.0,8.0,0.8,58,3.3,0.625,18.0,4.7,30.0,1.3,330,525,1.36,Taliyah,0,0,0,0,0,0,0,0,0,0,0,0,0,1,1,1,1,0,0,0,1,0,0,1,0,0,1,0,0
Talon,658,109.0,8.5,0.75,400,37.0,7.6,0.8,68,3.1,0.625,30.0,4.7,39.0,2.05,335,125,2.9,Talon,1,0,0,0,0,0,0,0,0,0,0,0,0,0,0,0,1,0,0,1,1,1,0,0,0,0,0,0,0
Taric,645,99.0,6.0,0.5,300,60.0,8.5,0.8,55,3.5,0.625,40.0,4.6,28.0,2.05,340,150,2.0,Taric,0,0,0,0,0,0,0,1,0,0,0,0,0,0,0,0,1,0,0,1,0,1,0,0,0,0,1,0,0
Teemo,598,104.0,5.5,0.65,334,25.0,9.6,0.45,54,3.0,0.69,24.0,4.95,30.0,1.3,330,500,3.38,Teemo,1,0,0,0,0,0,0,0,0,0,0,0,0,0,0,0,1,0,1,0,0,1,0,1,0,0,0,0,1
Thresh,600,120.0,7.0,0.55,274,44.0,6.0,0.8,56,2.2,0.625,28.0,0.0,30.0,1.3,330,450,3.5,Thresh,0,0,0,0,0,0,0,1,0,0,0,0,0,0,0,0,1,0,0,0,0,1,0,1,0,0,1,0,0
Tristana,670,102.0,4.0,0.65,250,32.0,7.2,0.45,59,3.7,0.656,26.0,4.2,30.0,1.3,325,525,1.5,Tristana,1,0,0,1,0,0,0,0,0,0,0,0,0,0,0,0,1,0,1,0,0,1,0,1,0,0,0,0,0
Trundle,686,110.0,6.0,0.75,340,45.0,7.5,0.6,68,3.0,0.67,37.0,3.9,32.0,2.05,350,175,2.9,Trundle,0,0,0,0,0,0,0,1,0,0,0,0,0,1,0,0,1,0,0,1,0,1,0,0,0,0,0,1,0
Tryndamere,696,115.0,8.5,0.9,100,0.0,0.0,0.0,72,4.0,0.67,33.0,4.3,32.0,2.05,345,125,2.9,Tryndamere,1,0,0,0,0,0,0,1,0,1,0,0,0,0,0,0,0,0,0,1,0,1,0,0,0,0,0,0,1
Twisted Fate,604,108.0,5.5,0.6,333,39.0,8.0,0.8,52,3.3,0.651,21.0,4.35,30.0,1.3,330,525,3.22,Twisted Fate,0,0,0,0,0,0,0,0,0,0,0,0,0,0,1,1,1,0,0,0,1,0,0,1,0,0,0,0,0
Twitch,682,100.0,3.75,0.6,300,40.0,7.25,0.7,59,3.1,0.679,27.0,4.2,30.0,1.3,330,550,3.38,Twitch,1,0,0,1,0,0,0,0,0,0,0,0,0,0,0,0,1,0,1,0,0,1,0,1,0,0,0,0,0
Udyr,664,92.0,6.0,0.75,271,50.0,7.5,0.45,62,4.0,0.65,31.0,4.7,32.0,2.05,350,125,3.0,Udyr,0,0,0,0,0,0,0,1,0,0,0,0,0,1,0,0,1,0,0,1,0,1,0,0,0,0,0,1,0
Urgot,655,102.0,7.5,0.7,340,45.0,7.25,0.8,63,4.0,0.625,36.0,5.45,32.0,2.05,330,350,3.75,Urgot,0,0,0,0,0,0,0,1,0,0,0,0,0,0,0,0,1,0,0,0,0,1,0,1,0,0,0,1,1
Varus,600,105.0,3.5,0.55,360,40.0,8.0,0.8,62,3.4,0.658,27.0,4.6,30.0,1.3,330,575,4.0,Varus,0,0,0,1,0,0,0,0,0,0,0,0,0,0,1,0,1,0,1,0,0,1,0,1,0,0,0,0,0
Vayne,550,103.0,3.5,0.55,232,35.0,7.0,0.4,60,2.35,0.658,23.0,4.6,30.0,1.3,330,550,3.3,Vayne,1,0,0,1,0,0,0,0,0,0,0,0,0,0,0,0,1,0,1,0,0,1,0,1,0,0,0,0,1
Veigar,550,108.0,6.5,0.6,490,26.0,8.0,0.8,52,2.7,0.625,18.0,5.2,32.0,1.3,340,550,2.24,Veigar,0,0,0,0,0,0,0,0,0,0,0,0,0,0,1,1,1,0,0,0,1,0,0,1,0,0,0,0,0
Vel'Koz,590,102.0,5.5,0.55,469,21.0,8.0,0.8,55,3.1416,0.625,22.0,4.7,30.0,1.3,340,525,1.36,Vel'Koz,0,0,0,0,0,0,0,0,0,0,0,0,0,0,1,1,1,0,0,0,1,0,0,1,0,0,1,0,0
Vex,590,104.0,6.5,0.6,490,32.0,6.0,0.8,54,2.75,0.669,23.0,4.45,28.0,1.3,335,550,1.0,Vex,0,0,0,0,0,0,0,0,0,0,0,0,0,0,1,1,1,0,0,0,1,0,0,1,0,0,0,0,0
Vi,655,99.0,10.0,1.0,295,65.0,8.0,0.65,63,3.0,0.644,30.0,4.7,32.0,2.05,340,125,2.0,Vi,1,0,0,0,0,0,0,1,0,0,0,0,0,1,0,0,1,0,0,1,0,1,0,0,0,0,0,0,0
Viego,630,109.0,7.0,0.7,0,0.0,0.0,0.0,57,3.5,0.658,34.0,5.2,32.0,2.05,345,200,2.5,Viego,1,0,0,0,0,0,0,1,0,0,0,0,0,1,0,0,0,1,0,1,0,1,0,0,0,0,0,0,0
Viktor,600,104.0,8.0,0.65,405,45.0,8.0,0.8,53,3.0,0.658,23.0,5.2,30.0,1.3,335,525,2.11,Viktor,0,0,0,0,0,0,0,0,0,0,0,0,0,0,1,1,1,0,0,0,1,0,0,1,0,0,0,0,0
Vladimir,607,110.0,7.0,0.6,2,0.0,0.0,0.0,55,3.0,0.658,27.0,4.5,30.0,1.3,330,450,2.0,Vladimir,0,0,1,0,0,0,0,0,0,0,0,0,0,0,1,1,0,0,0,0,1,0,0,1,0,0,0,0,1
Volibear,650,104.0,9.0,0.75,350,70.0,6.25,0.5,60,3.5,0.625,31.0,5.2,32.0,2.05,340,150,2.0,Volibear,0,0,0,0,0,0,0,1,0,0,0,0,0,1,0,0,1,0,0,1,0,1,0,0,0,0,0,1,1
Warwick,620,99.0,4.0,0.75,280,35.0,7.45,0.6,65,3.0,0.638,33.0,4.4,32.0,2.05,335,125,2.3,Warwick,0,0,0,0,0,0,0,1,0,0,0,0,0,1,0,0,1,0,0,1,0,1,0,0,0,0,0,1,0
Wukong,610,99.0,3.5,0.65,300,65.0,8.0,0.65,66,3.5,0.69,31.0,4.7,28.0,2.05,340,175,3.0,Wukong,0,0,0,0,0,0,0,1,0,0,0,0,0,1,0,0,1,0,0,1,0,1,0,0,0,0,0,1,1
Xayah,660,102.0,3.25,0.75,340,40.0,8.25,0.8,60,3.5,0.658,25.0,4.2,30.0,1.3,330,525,3.9,Xayah,0,0,0,1,0,0,0,0,0,0,0,0,0,0,0,0,1,0,1,0,0,1,0,1,0,0,0,0,0
Xerath,596,106.0,5.5,0.55,400,22.0,8.0,0.8,55,3.0,0.625,22.0,4.7,30.0,1.3,340,525,1.36,Xerath,0,0,0,0,0,0,0,0,0,0,0,0,0,0,1,1,1,0,0,0,1,0,0,1,0,0,1,0,0
Xin Zhao,640,106.0,8.0,0.7,274,55.0,7.25,0.45,63,3.0,0.645,35.0,4.7,32.0,2.05,345,175,3.5,Xin Zhao,1,0,0,0,0,0,0,1,0,0,0,0,0,1,0,0,1,0,0,1,0,1,0,0,0,0,0,0,0
Yasuo,590,110.0,6.5,0.9,100,0.0,0.0,0.0,60,3.0,0.697,30.0,4.6,32.0,2.05,345,175,3.5,Yasuo,1,0,0,1,0,0,0,1,1,0,0,0,0,0,0,0,0,0,0,1,1,1,0,0,0,0,0,0,1
Yone,620,105.0,7.5,0.75,500,0.0,0.0,0.0,60,2.0,0.625,30.0,4.6,32.0,2.05,345,175,3.5,Yone,1,0,0,0,0,0,0,1,0,0,0,0,0,0,0,0,0,1,0,1,1,1,0,0,0,1,0,0,1
Yorick,650,114.0,8.0,0.8,300,60.0,7.5,0.75,62,5.0,0.625,39.0,5.2,32.0,2.05,340,175,2.0,Yorick,0,0,0,0,0,0,0,1,0,0,0,0,0,0,0,0,1,0,0,1,0,1,0,0,0,0,0,1,1
Yuumi,500,69.0,5.0,0.55,440,45.0,10.0,0.4,49,3.1,0.625,25.0,4.2,25.0,1.1,330,425,1.0,Yuumi,0,0,0,0,0,0,0,0,0,0,0,0,0,0,1,1,1,0,0,0,0,0,0,1,0,0,1,0,0
Zac,685,109.0,8.0,0.5,0,0.0,0.0,0.0,60,3.4,0.736,33.0,4.7,32.0,2.05,340,175,1.6,Zac,0,0,0,0,0,0,0,1,0,0,0,1,0,1,0,1,0,0,0,1,0,0,0,0,0,0,1,1,1
Zed,654,99.0,7.0,0.65,200,0.0,50.0,0.0,63,3.4,0.651,32.0,4.7,29.0,2.05,345,125,3.3,Zed,1,0,0,0,0,1,0,0,0,0,0,0,0,0,0,0,0,0,0,1,1,1,0,0,0,0,0,0,0
Zeri,630,110.0,3.25,0.7,250,45.0,6.0,0.8,53,1.3,0.658,24.0,4.2,30.0,1.3,335,500,2.0,Zeri,0,0,0,1,0,0,0,0,0,0,0,0,0,0,0,0,1,0,1,0,0,1,0,1,0,0,0,0,0
Ziggs,606,106.0,6.5,0.6,480,23.5,8.0,0.8,54,3.1,0.656,22.0,4.5,30.0,1.3,325,550,2.0,Ziggs,0,0,0,1,0,0,0,0,0,0,0,0,0,0,1,1,1,0,0,0,1,0,0,1,0,0,0,0,0
Zilean,574,96.0,5.5,0.5,452,50.0,11.35,0.8,52,3.0,0.625,24.0,5.0,30.0,1.3,335,550,2.13,Zilean,0,0,0,0,0,0,0,0,0,0,0,0,0,0,1,1,1,0,0,0,1,0,0,1,0,0,1,0,0
Zoe,630,106.0,6.5,0.6,425,25.0,8.0,0.65,58,3.3,0.625,21.0,4.7,30.0,1.3,340,550,2.5,Zoe,0,0,0,0,0,0,0,0,0,0,0,0,0,0,1,1,1,0,0,0,1,0,0,1,0,0,1,0,0
Zyra,574,93.0,5.5,0.5,418,25.0,13.0,0.4,53,3.2,0.625,29.0,4.2,30.0,1.3,340,575,2.11,Zyra,0,0,0,0,0,0,0,0,0,0,0,0,0,0,1,1,1,0,0,0,0,0,0,1,0,0,1,0,0
